1180;68,82;1400;7
1174,13;68,67368;1369,288;7,10032
1167,385;68,52981;1340,067;7,36516
1159,863;68,38828;1312,207;7,74885
1151,661;68,24895;1285,578;8,215
1142,875;68,1117;1260,05;8,7344
1133,603;67,97639;1235,494;9,28329
1123,943;67,8429;1211,781;9,84196
1113,99;67,71108;1188,781;10,3937
1100,435;67,53773;1158,998;11,09361
1086,765;67,36684;1129,946;11,72476
1073,21;67,1981;1101,315;12,25899
1060;67,0312;1072,8;12,66884
1047,366;66,86584;1044,093;12,92568
1035,539;66,70171;1014,886;13
1024,414;66,5386;985,2352;13
1012,245;66,3771;957,0303;13
999,0001;66,2176;930,4;13
984,9873;66,0604;905,1137;13
970,5135;65,90582;880,9407;13
955,8864;65,75415;857,6511;13
941,4128;65,60571;835,0145;13
927,4;65,4608;812,8;13
914,1552;65,31973;790,7776;13
901,9856;65,18281;768,7168;13
888,7536;65,01796;740,7358;13
878,2816;64,86066;711,8848;13
869,5042;64,70606;682,0108;13
859,2982;64,56974;658,1372;13
846,1966;64,42291;634,5324;13
830,6299;64,26792;611,35;13
813,0281;64,10709;588,7436;13
793,8209;63,94275;566,8668;13
773,439;63,77725;545,8732;13
752,3119;63,61292;525,9164;13
730,87;63,45208;507,15;13
709,5433;63,29708;489,7276;13
688,7618;63,15026;473,8028;13
664,207;62,98177;456,2368;13
641,2463;62,83003;441,2614;13
617,3873;62,68057;427,7562;13
592,7482;62,53246;415,367;13
567,7792;62,38653;403,8538;13
542,9302;62,24363;392,9765;13,04713
518,6512;62,10459;382,4954;13,66366
495,3922;61,97025;372,1702;14,67495
469,4614;61,81644;359,6479;15,91299
446,425;61,67206;346,59;16,76344
430;61,56;335;17
