154,5;0;0;0
150,6264;0;-22,91965;0
139,1997;0;-44,69003;0
120,793;0;-64,21945;0
96,32917;0;-80,52864;0
67,03504;0;-92,79979;0
34,37947;0;-100,4176;0
-0,00001;0;-103;0
-34,37949;0;-100,4176;0
-67,03505;0;-92,79979;0
-96,32917;0;-80,52864;0
-120,793;0;-64,21944;0
-139,1997;0;-44,69001;0
-150,6264;0;-22,91965;0
-154,5;0;0,00001;0
-150,6263;0;22,91967;0
-139,1997;0;44,69003;0
-120,7929;0;64,21946;0
-96,32914;0;80,52866;0
-67,035;0;92,7998;0
-34,37949;0;100,4176;0
0;0;103;0
34,3795;0;100,4176;0
67,03506;0;92,79978;0
96,32921;0;80,52863;0
120,793;0;64,21941;0
139,1997;0;44,69003;0
150,6264;0;22,91965;0
